<?xml version="1.0" encoding="UTF-8"?>
<project-private xmlns="http://www.netbeans.org/ns/project-private/1">
    <editor-bookmarks xmlns="http://www.netbeans.org/ns/editor-bookmarks/2" lastBookmarkId="0"/>
    <open-files xmlns="http://www.netbeans.org/ns/projectui-open-files/2">
        <group>
            <file>file:/C:/Users/Tutul/Documents/NetBeansProjects/Project%20on%20CV%20Generator/src/project/on/cv/generator/Main.java</file>
            <file>file:/C:/Users/Tutul/Documents/NetBeansProjects/Project%20on%20CV%20Generator/src/project/on/cv/generator/Format2.java</file>
            <file>file:/C:/Users/Tutul/Documents/NetBeansProjects/Project%20on%20CV%20Generator/src/project/on/cv/generator/Format4.java</file>
            <file>file:/C:/Users/Tutul/Documents/NetBeansProjects/Project%20on%20CV%20Generator/src/project/on/cv/generator/Format5.java</file>
            <file>file:/C:/Users/Tutul/Documents/NetBeansProjects/Project%20on%20CV%20Generator/src/project/on/cv/generator/Format3.java</file>
        </group>
    </open-files>
</project-private>
